{
  "auroc": 0.8952053402295623,
  "auprc": 0.7940027281799654,
  "fmax": 0.7541497363090285,
  "f1": 0.616634406710071,
  "precision": 0.8046689628779181,
  "recall": 0.4998335948271763,
  "mcc": 0.5142139452774407,
  "bac": 0.7204772108598194,
  "accuracy": 0.7969429601093575,
  "threshold": 0.5,
  "sensitivity": 0.4998335948271763,
  "specificity": 0.9411208268924625,
  "optimal_threshold": 0.43017578125,
  "optimal_f1": 0.7541497363090285,
  "metrics_at_optimal_threshold": {
    "auroc": 0.8952053402295623,
    "auprc": 0.7940027281799654,
    "fmax": 0.7541497363090285,
    "f1": 0.7541497412211065,
    "precision": 0.6658534809204777,
    "recall": 0.8694432558360672,
    "mcc": 0.6237078497397938,
    "bac": 0.828856782383576,
    "accuracy": 0.8147912265440537,
    "threshold": 0.43017578125,
    "sensitivity": 0.8694432558360672,
    "specificity": 0.7882703089310846
  }
}